"NO","営業所名称","営業の種類","区","営業所所在地","緯度","経度","営業者名","許可番号","許可満了日","申請区分"
25120173,"イオン長吉店（グリルチキン・弁当）","飲食店営業","平野","長吉長原西１丁目１番１０号",34.608348,135.566122,"イオンリテールストア株式会社","大 保食第18-11575号","令和6年10月31日","更新"
25120173,"イオン長吉店（ピザ、おにぎり）","飲食店営業","平野","長吉長原西１丁目１番１０号",34.608348,135.566122,"イオンリテールストア株式会社","大　保環第12781号","令和5年10月31日",NA
25120173,"イオン長吉店（焼魚・寿司）","飲食店営業","平野","長吉長原西１丁目１番１０号",34.608348,135.566122,"イオンリテールストア株式会社","大　保環第775号","令和4年3月31日",NA
25120173,"イオン長吉店（惣菜）","飲食店営業","平野","長吉長原西１丁目１番１０号",34.608348,135.566122,"イオンリテールストア株式会社","大　保環第778号","令和4年3月31日",NA
25160148,"イオン長吉店（おいしい水）","喫茶店営業","平野","長吉長原西１丁目１番１０号",34.608348,135.566122,"イオンリテールストア株式会社","大 保食第19-9424号","令和6年9月30日","更新"
25190119,"弁当屋　アンド　フリージア","飲食店営業","平野","長吉長原西１丁目１番１０号",34.608348,135.566122,"有限会社アドヴァンスフード","大 保食第19-12243号","令和7年11月30日","新規"
25230035,"太閤","飲食店営業","平野","長吉長原西１丁目１番１０号",34.608348,135.566122,"株式会社シェフズパッション","大 保食第18-2622号","令和6年4月30日","更新"
25240039,"阪急ベーカリー＆カフェ　イオン長吉店","飲食店営業","平野","長吉長原西１丁目１番１０号",34.608348,135.566122,"株式会社阪急Ｂ＆Ｃプランニング","大 保食第18-2920号","令和6年5月31日","更新"
25250172,"しゃぶしゃぶ健康　長吉店","飲食店営業","平野","長吉長原西１丁目１番１０号",34.608348,135.566122,"株式会社　ジーテイスト","大　保環第14691号","令和1年12月27日",NA
25260095,"イオンリテール（株）　長吉店　２Ｆ駐車場（ＣＣＷ受託）","喫茶店営業","平野","長吉長原西１丁目１番１０号",34.608348,135.566122,"株式会社　アペックス西日本","大 保食第19-5457号","令和6年7月31日","更新"
25260096,"イオンリテール（株）　長吉店　Ｂ１Ｆ（ＣＣＷ受託）","喫茶店営業","平野","長吉長原西１丁目１番１０号",34.608348,135.566122,"株式会社　アペックス西日本","大 保食第19-5460号","令和6年7月31日","更新"
25290070,"ドムドムハンバーガー長吉店","飲食店営業","平野","長吉長原西１丁目１番１０号",34.608348,135.566122,"株式会社　ドムドムフードサービス","大　保環第5864号","令和5年6月30日",NA
25290121,"サムズカフェ","飲食店営業","平野","長吉長原西１丁目１番３０号",34.608429,135.566056,"ウノスプランニング株式会社","大　保環第11027号","令和5年9月30日",NA
25280201,"麺や　一帆","飲食店営業","平野","長吉長原西１丁目３番１３号",34.606968,135.566017,"原田　智文","大　保環第18582号","令和5年1月31日",NA
25130313,"ピアジョリ－出戸店","飲食店営業","平野","長吉長原西１丁目４番６号",34.60729,135.566592,"有限会社アドヴァンスフ－ド","大　保環第2770号","令和2年4月30日",NA
25190361,"花満円　出戸店","飲食店営業","平野","長吉長原西１丁目４番６号",34.60729,135.566592,"有限会社アドヴァンスフード","大　保環第2771号","令和2年5月31日",NA
25260210,"コメダ珈琲　ダイエー長吉店","飲食店営業","平野","長吉長原西１丁目４番６号",34.60729,135.566592,"株式会社　にぶ","大　保環第15011号","令和2年11月30日",NA
25260223,"Ｉ’ＬＬ","飲食店営業","平野","長吉長原西１丁目４番６号",34.60729,135.566592,"アイルフィットネストレーニング有限会社","大　保環第15837号","令和2年12月27日",NA
25240116,"餃子の王将　出戸店","飲食店営業","平野","長吉長原西１丁目４番１５号",34.606921,135.5669,"株式会社　三　久","大 保食第18-8969号","令和6年9月30日","更新"
25240146,"ローソン長吉長原西一丁目店","飲食店営業","平野","長吉長原西１丁目５番２０号",34.60639,135.567083,"株式会社　ティオコーポレーション","大 保食第18-14241号","令和6年10月31日","更新"
25170234,"とおせんぼ","飲食店営業","平野","長吉長原西１丁目５番２５号",34.606429,135.566825,"瀬尾　修一","大 保食第17-1599号","令和5年11月30日","更新"
25190140,"街灯り","飲食店営業","平野","長吉長原西１丁目５番４４号",34.606718,135.565336,"松原　かおる","大 保食第19-10223号","令和7年10月31日","更新"
25200212,"Ｃｏｃｃｏ　ｄｅｌ　Ｕｃｉｎａ","飲食店営業","平野","長吉長原西２丁目１番１号",34.606137,135.565342,"宇都宮　文彦","大　保環第15836号","令和2年12月27日",NA
90001868,"ＣＡＦＥ　ＳＫＲ　","飲食店営業","平野","長吉長原西２丁目１番６号",34.606101,135.565928,"藤井　勇","大 保食第17-4340号","令和6年1月31日","新規"
25210048,"カラオケステージ　チャーミー","飲食店営業","平野","長吉長原西２丁目２番６号",34.606076,135.566661,"上野山　茂男","大　保環第5927号","令和3年6月30日",NA
90010833,"からあげ持帰り専門店　カリッジュ","飲食店営業","平野","長吉長原西３丁目４番１２号",34.602388,135.567719,"株式会社クレイセス","大 保食第18-18286号","令和7年3月31日","新規"
25290168,"ＣＡＮＣＥＲ","飲食店営業","平野","長吉長原西３丁目４番１８号",34.601988,135.567736,"桑原　洋子","大 保食第17-682号","令和5年11月30日","新規"
25210242,"ラーメン食堂　一","飲食店営業","平野","長吉長原西３丁目５番１６号",34.601302,135.567597,"内藤　一","大　保環第18815号","令和4年1月31日",NA
25220329,"スナック　ひだまり","飲食店営業","平野","長吉長原西３丁目５番１６号",34.601302,135.567597,"吉田　千亜由","大　保環第18583号","令和5年2月28日",NA
25140280,"スーパーことぶき","飲食店営業","平野","長吉長原西３丁目５番１７号",34.60106,135.567703,"株式会社　寿","大　保環第20097号","令和3年2月28日",NA
25140280,"スーパーことぶき","飲食店営業","平野","長吉長原西３丁目５番１７号",34.60106,135.567703,"株式会社　寿","大　保環第770号","令和4年3月31日",NA
25270172,"呑み食い処　要","飲食店営業","平野","長吉長原西３丁目５番１７号",34.60106,135.567703,"花園　茂雄","大　保環第17376号","令和4年1月31日",NA
25290093,"橋本工業","喫茶店営業","平野","長吉長原西３丁目８番３３号",34.600097,135.566603,"ナショナル・ベンディング株式会社","大　保環第7385号","令和4年7月31日",NA
25020462,"ねぎぼうず","飲食店営業","平野","長吉長原西３丁目９番１４号",34.600519,135.567956,"斉藤　松栄","大　保環第16633号","令和4年11月30日",NA
25001987,"冨士","飲食店営業","平野","長吉長原西４丁目３番３８号",34.597685,135.564384,"池田　エミ","大　保環第9790号","令和5年8月31日",NA
25110025,"ピリカ","飲食店営業","平野","長吉長原西４丁目３番４０号",34.597796,135.564076,"出村　一子","大　保環第5488号","令和5年6月30日",NA
25200032,"塩屋","飲食店営業","平野","長吉長原西４丁目６番６号",34.597885,135.568209,"塩崎　たまゑ","大　保環第1688号","令和2年5月31日",NA
25130053,"とんかつ　かつ喜　長吉長原店","飲食店営業","平野","長吉長原東１丁目１番１号",34.605968,135.573722,"株式会社　きらく","大 保食第19-5254号","令和7年6月30日","更新"
25190292,"カラオケ喫茶　たかこ","飲食店営業","平野","長吉長原東１丁目１番８号",34.606274,135.574496,"新村　タカ子","大　保環第19654号","令和2年3月31日",NA
25250261,"Ｗａｐｈｉ　ｙａｐｉ","飲食店営業","平野","長吉長原東１丁目１番８号",34.606274,135.574496,"石田　勢津子","大　保環第2374号","令和2年4月30日",NA
25002248,"日本ケンタッキーフライドチキン株式会社　長吉店","飲食店営業","平野","長吉長原東１丁目１番４１号",34.606279,135.573719,"日本ケンタッキー・フライド・チキン株式会社","大　保環第4005号","令和2年6月30日",NA
25130191,"ファ－ストフ－ド　ササキ","飲食店営業","平野","長吉長原東１丁目２番２２号",34.605329,135.575002,"佐々木　茂雄","大 保食第19-15952号","令和8年1月31日","更新"
25250218,"日本料理　寅吉","飲食店営業","平野","長吉長原東１丁目２番５６号",34.604201,135.573652,"吉富　道代","大　保環第18532号","令和2年2月29日",NA
90019712,"日本料理　寅吉","飲食店営業","平野","長吉長原東１丁目２番５６号",34.604201,135.573652,"株式会社寅吉","大 保食第19-16767号","令和8年2月28日","新規"
25280251,"酔虎伝　長吉店","飲食店営業","平野","長吉長原東１丁目２番５８号",34.604279,135.573727,"有限会社　ラフォーレタカノ","大　保環第22702号","令和5年3月31日",NA
25210086,"なか卯　長吉長原東店","飲食店営業","平野","長吉長原東１丁目２番６３号",34.604704,135.573883,"株式会社なか卯","大　保環第9364号","令和3年8月31日",NA
25260003,"焼肉特急","飲食店営業","平野","長吉長原東１丁目２番６９号",34.605379,135.573605,"株式会社　松屋","大　保環第1281号","令和2年4月30日",NA
25290063,"セブン－イレブン大阪長吉長原東１丁目店","飲食店営業","平野","長吉長原東１丁目７番５号",34.606324,135.575846,"合同会社　Ｒ＆Ｎ","大　保環第5615号","令和5年6月30日",NA
25150148,"スナック　ウエルカム","飲食店営業","平野","長吉長原東１丁目７番７号",34.606282,135.576074,"刀禰　光代","大　保環第9761号","令和3年8月31日",NA
25290042,"カラオケ喫茶　三休","飲食店営業","平野","長吉長原東１丁目７番７号",34.606282,135.576074,"島谷　賢治","大　保環第3865号","令和5年5月31日",NA
90000345,"カラオケ喫茶　けいこ","飲食店営業","平野","長吉長原東１丁目７番７号",34.606282,135.576074,"野村　慶子","大 保食第17-1600号","令和5年11月30日","新規"
25190277,"三府寿司","飲食店営業","平野","長吉長原東１丁目７番２７号",34.605962,135.575446,"川上　男","大　保環第18526号","令和2年1月31日","更新"
25220363,"武","飲食店営業","平野","長吉長原東１丁目７番２７号",34.605962,135.575446,"山田　武司","大　保環第1152号","令和5年3月31日",NA
90013367,"肉匠斎野","飲食店営業","平野","長吉長原東１丁目７番２７号",34.605962,135.575446,"斉野　尚史","大 保食第19-4154号","令和7年6月30日","新規"
25100174,"ホームベーカリー　ブレッドハウス　Ｂｒｅａｄ　Ｈｏｕｓｅ","飲食店営業","平野","長吉長原東１丁目７番２８号",34.606043,135.575449,"神尾　茂","大　保環第22516号","令和5年3月31日",NA
90008952,"たまりば","飲食店営業","平野","長吉長原東２丁目１番４０号",34.603401,135.57433,"中野　照美","大 保食第18-14795号","令和7年1月31日","新規"
25240001,"ＮＯＢＯ","飲食店営業","平野","長吉長原東２丁目１番４１号",34.603279,135.5738,"城前　昇","大 保食第18-2999号","令和6年4月30日","更新"
25260254,"ゆうちゃん　カルビ丼","飲食店営業","平野","長吉長原東２丁目１番４１号",34.603279,135.5738,"川上　舞也","大　保環第18971号","令和3年2月28日",NA
25200267,"河内屋","飲食店営業","平野","長吉長原東２丁目１番４４号",34.603191,135.573796,"亀田　昌明","大　保環第20213号","令和3年2月28日",NA
25270084,"セブン－イレブン大阪長原駅北店","飲食店営業","平野","長吉長原東２丁目１番４７号",34.603401,135.57433,"中埜　顕治","大　保環第8810号","令和3年8月31日",NA
25150120,"炭火焼鳥Ｄｉｎｉｎｇ門","飲食店営業","平野","長吉長原東２丁目２番２７号",34.602394,135.574602,"株式会社ダウンタウン","大　保環第7091号","令和3年7月31日",NA
25200086,"ローソン長原駅前店","飲食店営業","平野","長吉長原東２丁目２番３１号",34.601991,135.574099,"株式会社オーエイケイ","大　保環第5322号","令和2年6月30日",NA
25030050,"割鮮倶楽部","飲食店営業","平野","長吉長原東２丁目３番２０号",34.602566,135.575468,"坂本　博","大　保環第3863号","令和5年6月30日","更新"
25240071,"大阪やきとり亭　長原店","飲食店営業","平野","長吉長原東２丁目３番２１号",34.602538,135.575996,"上村　清","大 保食第18-13052号","令和6年7月31日","更新"
25280204,"海鮮丼お持帰専門店　土佐家","飲食店営業","平野","長吉長原東２丁目３番２６号",34.602088,135.575838,"森本　好信","大　保環第19124号","令和5年1月31日","新規"
90008909,"炉ばたひげの梅ちゃん","飲食店営業","平野","長吉長原東２丁目３番２６号",34.602088,135.575838,"梅谷　敏次","大 保食第18-11578号","令和6年11月30日","新規"
25160236,"武千代","飲食店営業","平野","長吉長原東２丁目３番２８号",34.602438,135.57601,"久野　千恵子","大　保環第16207号","令和4年12月27日",NA
25280123,"菊水堂","飲食店営業","平野","長吉長原東２丁目３番２８号",34.602438,135.57601,"楠木　孝典","大　保環第10980号","令和4年9月30日",NA
25280011,"串本舗とさか鳥てん","飲食店営業","平野","長吉長原東３丁目１番４号",34.601783,135.574482,"株式会社　トゥーズ・プランニング","大　保環第2472号","令和4年4月30日",NA
25160246,"グルメシティ長原店","飲食店営業","平野","長吉長原東３丁目１番１２号",34.601461,135.574641,"株式会社　ダイエー","大　保環第3870号","令和5年8月31日","更新"
25160246,"グルメシティ長原店","飲食店営業","平野","長吉長原東３丁目１番１２号",34.601461,135.574641,"株式会社　ダイエー","大　保環第3871号","令和5年8月31日","更新"
25210309,"カラオケサロン　さくら","飲食店営業","平野","長吉長原東３丁目１番３２号",34.599669,135.574974,"乾　充男","大　保環第3534号","令和4年4月30日",NA
90002213,"長原典礼会館","飲食店営業","平野","長吉長原東３丁目１番４５号",34.599411,135.574699,"株式会社日本セレモニー","大 保食第17-6138号","令和6年2月29日","新規"
25120200,"サイゼリヤ　長原インタ－店","飲食店営業","平野","長吉長原東３丁目１番６２号",34.601013,135.574238,"株式会社　サイゼリヤ","大 保食第18-11745号","令和6年11月30日","更新"
25240263,"丸亀製麺　長吉長原店","飲食店営業","平野","長吉長原東３丁目１番６２号",34.601013,135.574238,"株式会社　トリドールジャパン","大 保食第19-2241号","令和7年3月31日","更新"
25260216,"餃子の王将　中環長原店","飲食店営業","平野","長吉長原東３丁目１番６２号",34.601013,135.574238,"株式会社　三久","大　保環第16240号","令和2年12月27日",NA
25160078,"釜揚げうどん　桂ちゃん","飲食店営業","平野","長吉長原東３丁目１番６８号",34.601455,135.574207,"寺田　桂治","大　保環第8754号","令和4年7月31日",NA
25190256,"大阪ふくちぁんラーメン　長原店","飲食店営業","平野","長吉長原東３丁目１番６８号",34.601455,135.574207,"株式会社アストジャパン","大　保環第17342号","令和2年1月31日",NA
25220178,"海鮮れすとらん　魚輝水産　長原店","飲食店営業","平野","長吉長原東３丁目１番７１号",34.601738,135.574274,"株式会社　魚輝水産","大　保環第13256号","令和4年10月31日","更新"
25230175,"ほっともっと　長吉長原店","飲食店営業","平野","長吉長原東３丁目１番７１号",34.601738,135.574274,"株式会社　プレナス","大　保環第12690号","令和5年9月30日",NA
25250158,"ばんどう亭","飲食店営業","平野","長吉長原東３丁目１番７１号",34.601738,135.574274,"株式会社バンドウ","大 保食第19-11980号","令和7年11月30日","更新"
25170091,"英（はなぶさ）","飲食店営業","平野","長吉長原東３丁目２番１号",34.601713,135.575071,"朝井　英史","大　保環第8775号","令和5年7月31日","更新"
25270212,"たこやき居酒屋　笑顔","飲食店営業","平野","長吉長原東３丁目２番１号",34.601713,135.575071,"矢野　敏江","大　保環第21902号","令和4年3月31日",NA
90007819,"たこやき居酒屋　笑顔","飲食店営業","平野","長吉長原東３丁目２番１号",34.601713,135.575071,"トシエズ株式会社","大 保食第18-8966号","令和6年9月30日","新規"
25130220,"ニュ－アメリカン","飲食店営業","平野","長吉長原東３丁目２番１２号",34.60183,135.576268,"吉内　和美","大 保食第19-13986号","令和7年12月27日","更新"
25140228,"じん平寿司","飲食店営業","平野","長吉長原東３丁目２番１２号",34.60183,135.576268,"吉内　秀徳","大　保環第14058号","令和2年11月30日","更新"
25130202,"しゃりしゃり","飲食店営業","平野","長吉長原東３丁目２番３４号",34.599858,135.576238,"有限会社アラワード","大　保環第18536号","令和1年12月27日",NA
25190273,"靜","飲食店営業","平野","長吉長原東３丁目２番４０号",34.599627,135.576349,"酒井　康子","大 保食第19-15953号","令和8年1月31日","更新"
25050293,"カフェアンドバー　イーゴ","飲食店営業","平野","長吉長原東３丁目２番７３号",34.601552,135.575168,"有限会社　エーエムオー","大　保環第21282号","令和5年2月28日",NA
25150377,"林酒店","飲食店営業","平野","長吉長原東３丁目５番６号",34.601769,135.577018,"林　佳也","大　保環第753号","令和4年3月31日",NA
25002301,"本こけし","飲食店営業","平野","長吉長原東３丁目６番６号",34.601908,135.577457,"川﨑　保美","大　保環第6197号","令和4年6月30日",NA
25160325,"ダイヤス","飲食店営業","平野","長吉長原東３丁目６番９号",34.601611,135.577457,"安東　真寿代","大　保環第1654号","令和5年4月30日",NA
25020539,"カフェ・ド・メール","飲食店営業","平野","長吉長原東３丁目６番２１号",34.601605,135.577224,"北田　健二","大　保環第22518号","令和5年2月28日",NA
25040010,"鳥甚","飲食店営業","平野","長吉長原東３丁目６番２１号",34.601605,135.577224,"山口　寛二","大　保環第1187号","令和4年4月30日",NA
25150229,"鮨竹　長吉店","飲食店営業","平野","長吉長原東３丁目６番２３号",34.601916,135.577349,"竹森　信子","大　保環第13899号","令和3年11月30日",NA
25230200,"潮目","飲食店営業","平野","長吉長原東３丁目６番２３号",34.601916,135.577349,"小原田　千枝子","大 保食第17-1128号","令和5年10月31日","更新"
25270211,"フライショップ　いしい","飲食店営業","平野","長吉長原東３丁目６番２３号",34.601916,135.577349,"石井　あゆみ","大　保環第1181号","令和4年4月30日",NA
25210238,"たこ焼　あほや","飲食店営業","平野","長吉長原東３丁目７番２号",34.601894,135.577916,"野沢　康久","大　保環第18435号","令和4年1月31日",NA
25250096,"カラオケ喫茶　Ｒｉｎ","飲食店営業","平野","長吉長原東３丁目７番１２号",34.601555,135.578238,"吉田　弥生","大 保食第19-8125号","令和7年8月31日","更新"
25002497,"山川商店","飲食店営業","平野","長吉長原東３丁目７番２２号",34.601408,135.577893,"廣森　勝","大　保環第9165号","令和3年8月31日",NA
25220325,"そんぐす　いとや","飲食店営業","平野","長吉長原東３丁目７番２６号",34.601708,135.577705,"今井　利治","大　保環第22517号","令和5年2月28日",NA
25090057,"勝たこ","飲食店営業","平野","長吉長原東３丁目１３番１号",34.602055,135.578557,"勝見　テル子","大　保環第5509号","令和3年6月30日",NA
25002262,"シノハラ酒店","飲食店営業","平野","長吉長原東３丁目１３番６号",34.601991,135.579063,"篠原　義和","大　保環第20109号","令和2年11月30日",NA
25120123,"吉鳥","飲食店営業","平野","長吉長原東３丁目１３番３２号",34.601913,135.578541,"奥　充行","大 保食第18-11749号","令和6年8月31日","更新"
25280154,"ピザーラ・ビバパエリア平野店","飲食店営業","平野","長吉川辺２ー北３番２４号",34.596147,135.572653,"株式会社　フォーシーズ","大　保環第14925号","令和4年10月31日",NA
25090167,"富士家","飲食店営業","平野","長吉川辺２ー北４番５５号",34.596147,135.572653,"福井　浩光","大　保環第13901号","令和3年11月30日",NA
25230130,"そらまめ作業所　厨房","飲食店営業","平野","長吉川辺１丁目１番１９号",34.59773,135.570175,"株式会社　南テスティパル","大　保環第9187号","令和5年8月31日",NA
25240005,"パン工房　エピ","飲食店営業","平野","長吉川辺１丁目１番１９号",34.59773,135.570175,"社会福祉法人　つむぎ福祉会","大 保食第18-1466号","令和6年4月30日","更新"
25260242,"ローソン長吉川辺一丁目","飲食店営業","平野","長吉川辺１丁目１番３５号",34.597558,135.569228,"髙木　裕子","大　保環第18462号","令和3年1月31日",NA
25260167,"お好み　社長","飲食店営業","平野","長吉川辺２丁目１番４号",34.598008,135.570795,"細野　健司","大　保環第10154号","令和2年9月30日",NA
90002199,"プラーナ　平野　１Ｆシースルー　（ＣＣＷ単受）","喫茶店営業","平野","長吉川辺２丁目１番３２号",34.597341,135.572477,"株式会社アペックス西日本","大 保食第17-6135号","令和5年2月28日","新規"
90003119,"プラーナ","飲食店営業","平野","長吉川辺２丁目１番３２号",34.597341,135.572477,"株式会社マルワ","大 保食第17-7114号","令和6年3月31日","新規"
25220090,"ＳＥ大阪長吉川辺２丁目店","飲食店営業","平野","長吉川辺２丁目３番４号",34.597894,135.573077,"岡村　浩史","大　保環第6626号","令和4年6月30日",NA
25290127,"ＡＢＡＣＵＳ","飲食店営業","平野","長吉川辺２丁目５番１６号",34.595419,135.572078,"岡　郁子","大　保環第11033号","令和5年9月30日",NA
25220146,"㈱マツダ・シティーズ","喫茶店営業","平野","長吉川辺３丁目１番１４号",34.598602,135.575391,"株式会社ジャパンビバレッジホールディングス","大　保環第9166号","令和2年8月31日",NA
25003067,"ビッグエコー平野長吉店","飲食店営業","平野","長吉川辺３丁目１番２４号",34.598086,135.575188,"株式会社　第一興商近畿","大　保環第18816号","令和4年1月31日",NA
90001192,"フィッシングエイト　本店　３Ｆ休憩室（ＣＣＷ単受）","喫茶店営業","平野","長吉川辺３丁目１番３３号",34.598686,135.574785,"株式会社アペックス西日本","大 保食第17-3586号","令和4年12月27日","新規"
25002277,"日本マクドナルド株式会社　中環長吉店","飲食店営業","平野","長吉川辺３丁目１番３８号",34.599038,135.574908,"日本マクドナルド株式会社","大　保環第491号","令和5年3月31日",NA
25240254,"特別養護老人ホーム　こうのとり","飲食店営業","平野","長吉川辺３丁目２番３号",34.599311,135.57576,"株式会社塩梅","大 保食第19-1844号","令和7年3月31日","更新"
25270058,"ドミノ・ピザ　長吉川辺店","飲食店営業","平野","長吉川辺３丁目２番３０号",34.598074,135.575849,"株式会社　ドミノ・ピザジャパン","大　保環第6676号","令和3年7月31日","新規"
90016987,"ドミノピザ長吉川辺店","飲食店営業","平野","長吉川辺３丁目２番３０号",34.598074,135.575849,"安住　和希","大 保食第19-10218号","令和7年10月31日","新規"
90018399,"ジェミニ","飲食店営業","平野","長吉川辺３丁目３番１８号",34.598005,135.577485,"桑原　茜峰","大 保食第19-13983号","令和7年12月27日","新規"
25280063,"ミニストップ平野長吉川辺店","飲食店営業","平野","長吉川辺３丁目４番８０号",34.598052,135.578199,"湯村　達弘","大　保環第7723号","令和4年7月31日",NA
25290152,"ミニストップ平野長吉川辺店","飲食店営業","平野","長吉川辺３丁目４番８０号",34.598052,135.578199,"ミニストップ株式会社","大 保食第17-21号","令和5年10月31日","新規"
90001870,"ミニストップ平野長吉川辺店","飲食店営業","平野","長吉川辺３丁目４番８０号",34.598052,135.578199,"大屋　孔一","大 保食第17-4509号","令和6年1月31日","新規"
90006678,"大阪府立平野支援学校　給食室","飲食店営業","平野","長吉川辺３丁目４番１１５号",34.598713,135.577121,"サニーディッシュ株式会社","大 保食第18-7025号","令和6年8月31日","新規"
25260196,"エースフーズ","飲食店営業","平野","長吉川辺３丁目６番１号",34.597824,135.576688,"田村　正","大　保環第13362号","令和2年10月31日",NA
25260293,"４人のこびとたち","飲食店営業","平野","長吉川辺３丁目７番１８号",34.597005,135.576366,"寺前　芳一","大　保環第2880号","令和3年5月31日",NA
25180326,"かわなべ健康倶楽部","飲食店営業","平野","長吉川辺３丁目７番２７号",34.597538,135.575958,"株式会社　Ｔ．Ｍコーポレーション","大 保食第19-2232号","令和7年3月31日","更新"
25240248,"ヴェルジェ平野南　食堂","飲食店営業","平野","長吉川辺３丁目７番２９号",34.597716,135.575916,"サニーディッシュ株式会社","大 保食第18-16039号","令和7年2月28日","更新"
90015745,"ヴェルジェ平野南　食堂","飲食店営業","平野","長吉川辺３丁目７番２９号",34.597716,135.575916,"クックメディカルフーズ株式会社","大 保食第19-8127号","令和7年9月30日","新規"
25170317,"介護老人保健施設ながよし苑","飲食店営業","平野","長吉川辺３丁目８番５号",34.597683,135.575499,"株式会社　Ｔ．Ｍコーポレーション","大 保食第18-16028号","令和7年1月31日","更新"
25080327,"平野中央メモリアルホ－ル　１階","飲食店営業","平野","長吉川辺３丁目８番４３号",34.596777,135.5755,"株式会社セルビス","大　保環第14550号","令和2年11月30日",NA
25080327,"平野中央メモリアルホ－ル　２階","飲食店営業","平野","長吉川辺３丁目８番４３号",34.596777,135.5755,"株式会社セルビス","大　保環第14553号","令和2年12月27日",NA
25280029,"グットホーム麦畑","飲食店営業","平野","長吉川辺３丁目９番２０号",34.59668,135.577044,"有限会社ミストラル","大　保環第3549号","令和4年5月31日","新規"
25180090,"平野長吉食堂","飲食店営業","平野","長吉川辺３丁目１０番１２号",34.596691,135.578885,"株式会社　フジオフードシステム","大 保食第18-5743号","令和6年6月30日","更新"
90010997,"ホテル　ゼン","飲食店営業","平野","長吉川辺３丁目１３番１３号",34.595458,135.576252,"株式会社ケイエスジャパン","大 保食第18-16081号","令和7年2月28日","新規"
25002377,"ホテル小犬のベッド","飲食店営業","平野","長吉川辺３丁目１３番３３号",34.594806,135.576069,"有限会社小西観光","大　保環第18466号","令和3年2月28日",NA
25220276,"セラヴィ","飲食店営業","平野","長吉川辺３丁目１４番３５号",34.595283,135.576625,"ピース観光株式会社","大　保環第16631号","令和4年12月27日",NA
25180026,"㈱ジャパンメディカルフード　健康管理食調理宅配センター","飲食店営業","平野","長吉川辺３丁目１６番７号",34.596108,135.57951,"株式会社ジャパンメディカルフード","大 保食第18-1959号","令和6年4月30日","更新"
25160197,"Ｂ４　カフェ","飲食店営業","平野","長吉川辺３丁目１７番２５号",34.59467,135.578894,"島野珈琲株式会社","大　保環第16931号","令和4年10月31日",NA
25260151,"セブン‐イレブン　大阪長吉川辺３丁目","飲食店営業","平野","長吉川辺３丁目１８番３３号",34.594725,135.576613,"大重　隆幸","大　保環第9452号","令和2年8月31日",NA
25240213,"株式会社　万福　平野工場","飲食店営業","平野","長吉川辺３丁目１９番６号",34.594437,135.576391,"株式会社　万福","大 保食第18-16557号","令和7年2月28日","更新"
25160321,"特養長吉事業所","飲食店営業","平野","長吉川辺３丁目２０番１４号",34.593934,135.57858,"藏ウェルフェアサービス株式会社","大　保環第2045号","令和5年4月30日",NA
25160324,"永寿の里若葉事業所","飲食店営業","平野","長吉川辺３丁目２０番１４号",34.593934,135.57858,"藏ウェルフェアサービス株式会社","大　保環第2046号","令和5年4月30日",NA
25002376,"校内食堂永田食堂","飲食店営業","平野","長吉川辺４丁目２番１１号",34.588928,135.570311,"永田　浩人","大　保環第1333号","令和3年4月30日","更新"
25090296,"タケダツール（株）","喫茶店営業","平野","長吉川辺４丁目８７９番５号",34.591322,135.56935,"株式会社アペックス西日本","大 保食第18-430号","令和5年3月31日","更新"
25130182,"旭","飲食店営業","平野","長吉出戸１丁目７番６号",34.615417,135.562889,"株式会社　アサヒフード","大 保食第19-12941号","令和7年12月27日","更新"
25080261,"吉鳥","飲食店営業","平野","長吉出戸１丁目１１番５５号",34.613334,135.565006,"西山　昭","大　保環第15407号","令和2年10月31日",NA
90005308,"吉鳥","飲食店営業","平野","長吉出戸１丁目１１番５５号",34.613334,135.565006,"伊丹　昭治","大 保食第18-5060号","令和6年6月30日","新規"
25170359,"居酒屋　せんりゅう","飲食店営業","平野","長吉出戸１丁目１１番６９号",34.613984,135.564081,"金井　重一","大 保食第18-431号","令和6年3月31日","更新"
25002113,"喫茶ピッコロ","飲食店営業","平野","長吉出戸１丁目１１番７４号",34.6143,135.563731,"水野　幸夫","大　保環第17348号","令和2年2月29日",NA
25190001,"Ｇｒｉｌｌ　Ｙａｍａｓａｋｉ","飲食店営業","平野","長吉出戸１丁目１１番７４号",34.6143,135.563731,"山嵜　英二","大 保食第19-2432号","令和7年4月30日","更新"
25250168,"浜寿司","飲食店営業","平野","長吉出戸１丁目１１番７６号",34.614484,135.563611,"濱　誠次","大 保食第19-11976号","令和7年11月30日","更新"
25280037,"ＰＡＲＴ　ＴＨＲＥＥ","飲食店営業","平野","長吉出戸１丁目１１番７７号",34.614542,135.563522,"中山　房子","大　保環第4138号","令和4年5月31日",NA
25160120,"みずな","飲食店営業","平野","長吉出戸１丁目１１番７９号",34.614634,135.563392,"津田　正実","大　保環第16634号","令和4年9月30日",NA
25090267,"長吉ゴルフクラブ㈱","飲食店営業","平野","長吉出戸２丁目１番６０号",34.61505,135.566883,"長吉ゴルフクラブ株式会社","大　保環第19357号","令和4年2月28日",NA
25220381,"長吉ゴルフクラブ株式会社　１Ｆ","喫茶店営業","平野","長吉出戸２丁目１番６０号",34.61505,135.566883,"株式会社　アペックス西日本","大　保環第1200号","令和3年4月30日",NA
25100068,"大月","飲食店営業","平野","長吉出戸２丁目４番５号",34.612586,135.566,"花田　吉正","大　保環第10155号","令和4年7月31日",NA
25280200,"出戸おやつ研究所","喫茶店営業","平野","長吉出戸２丁目４番１８号",34.612325,135.566642,"杉中　郁子","大　保環第23251号","令和5年3月31日",NA
25200224,"セブンイレブン　大阪長吉出戸２丁目店","飲食店営業","平野","長吉出戸２丁目４番２９号",34.61175,135.566164,"合名会社ＧＡＵグループ","大　保環第16656号","令和2年12月27日",NA
25200175,"ｍｏｍａ","飲食店営業","平野","長吉出戸２丁目５番１０号",34.611806,135.567169,"村野　千雅子","大　保環第13741号","令和2年10月31日",NA
25160101,"松下電工エイジフリー　ひらのデイセンター","飲食店営業","平野","長吉出戸２丁目５番１３号",34.611886,135.566814,"株式会社日米クック","大　保環第10982号","令和4年8月31日","更新"
25280030,"カラオケ喫茶　鈴蘭","飲食店営業","平野","長吉出戸３丁目１番４０号",34.611875,135.570433,"西川　利子","大　保環第4141号","令和4年5月31日",NA
25190323,"リカーショップ　　だん","飲食店営業","平野","長吉出戸３丁目１番４３号",34.612984,135.570239,"段　善規","大　保環第2845号","令和2年3月31日",NA
25230336,"大阪市立長吉出戸小学校","飲食店営業","平野","長吉出戸３丁目１番４３号",34.612984,135.570239,"コック食品株式会社","大 保食第18-1707号","令和6年4月30日","更新"
25009008,"えびす屋酒店","飲食店営業","平野","長吉出戸３丁目２番３号",34.613675,135.571322,"段　剛","大　保環第20428号","令和4年2月28日",NA
25002179,"おさるのかごや","飲食店営業","平野","長吉出戸３丁目２番１１号",34.613659,135.57215,"田中　龍藏","大　保環第15834号","令和2年11月30日",NA
25002123,"コーヒーハウスティナ","飲食店営業","平野","長吉出戸３丁目２番３７号",34.611939,135.572616,"秦　光男","大　保環第15845号","令和3年10月31日",NA
25220148,"喫茶　ラン","飲食店営業","平野","長吉出戸３丁目２番３７号",34.611939,135.572616,"本　佐知子","大　保環第10772号","令和4年8月31日",NA
25050244,"ラーメン横綱　平野店","飲食店営業","平野","長吉出戸３丁目３番１５号",34.613667,135.573963,"株式会社　横綱","大　保環第15139号","令和3年11月30日",NA
25280186,"さぬき　心空","飲食店営業","平野","長吉出戸３丁目３番２１号",34.612931,135.573921,"株式会社　シンクウコーポレーション","大　保環第16209号","令和4年11月30日",NA
25270066,"ローソン　長吉出戸三丁目店","飲食店営業","平野","長吉出戸３丁目３番３１号",34.612031,135.573766,"株式会社ＭａｒｔｙＬ","大　保環第7404号","令和3年7月31日",NA
25220216,"パチンコ１・２・３・長吉店・ホール内　（ｃｃｗ単受）","喫茶店営業","平野","長吉出戸３丁目３番６０号",34.6136,135.572863,"株式会社アペックス西日本","大　保環第12158号","令和2年10月31日",NA
25250214,"１２３長吉店","喫茶店営業","平野","長吉出戸３丁目３番６０号",34.6136,135.572863,"株式会社　ワゴンサービス","大 保食第19-15957号","令和8年1月31日","更新"
25020615,"喫茶　江梨花","飲食店営業","平野","長吉出戸４丁目３番４号",34.611631,135.568114,"小仲　サカエ","大　保環第5487号","令和5年6月30日",NA
25100160,"にしき食堂","飲食店営業","平野","長吉出戸４丁目３番４号",34.611631,135.568114,"鈴木　道子","大　保環第15612号","令和4年10月31日",NA
25090020,"（財）大阪水泳協会　大阪水泳学校","喫茶店営業","平野","長吉出戸４丁目５番１６号",34.609407,135.567394,"株式会社　アペックス西日本","大　保環第3028号","令和4年5月31日",NA
25210118,"やきとり大吉　出戸店","飲食店営業","平野","長吉出戸４丁目５番２７号",34.608848,135.568064,"池田　誠","大　保環第10739号","令和3年9月30日",NA
25260235,"銀丸食堂","飲食店営業","平野","長吉出戸４丁目５番３１号",34.608915,135.567705,"松谷　義仁","大　保環第21637号","令和3年3月31日",NA
90017396,"ＢＡＲ　幸福大魔王Ⅱ","飲食店営業","平野","長吉出戸４丁目５番３１号",34.608915,135.567705,"西岡　央朗","大 保食第19-11302号","令和7年11月30日","新規"
25180117,"ラウンジ　ウエストリバー","飲食店営業","平野","長吉出戸４丁目５番３３号",34.608962,135.567494,"西川　俊国","大 保食第19-7316号","令和7年8月31日","新規"
25290061,"串のや","飲食店営業","平野","長吉出戸４丁目５番３３号",34.608962,135.567494,"桝井　美津子","大　保環第4987号","令和5年6月30日",NA
25002161,"縄寿司","飲食店営業","平野","長吉出戸４丁目５番３６号",34.609162,135.567367,"貞盛　富男","大　保環第4569号","令和3年5月31日",NA
25080109,"スナック．ＷＡＶＥ（ウェーブ）","飲食店営業","平野","長吉出戸４丁目５番３６号",34.609162,135.567367,"石井　明美","大　保環第11383号","令和2年7月31日",NA
25190165,"焼肉　志幸","飲食店営業","平野","長吉出戸４丁目５番３６号",34.609162,135.567367,"立　建志","大 保食第19-9477号","令和7年10月31日","更新"
25190276,"葱や木曽","飲食店営業","平野","長吉出戸４丁目５番３６号",34.609162,135.567367,"木曽　一則","大　保環第22018号","令和5年3月31日",NA
25220014,"Ｏｎｅ　ｗａｙ","飲食店営業","平野","長吉出戸４丁目５番３６号",34.609162,135.567367,"桝井　美津子","大 保食第17-1130号","令和5年11月30日","更新"
25260077,"カラオケ喫茶　響","飲食店営業","平野","長吉出戸４丁目５番３６号",34.609162,135.567367,"大西　さち子","大　保環第5655号","令和2年6月30日",NA
25260277,"酒楽家　にっぽん","飲食店営業","平野","長吉出戸４丁目５番３６号",34.609162,135.567367,"田中　浩一","大　保環第20212号","令和3年3月31日",NA
25290163,"縄友寿司","飲食店営業","平野","長吉出戸４丁目５番３６号",34.609162,135.567367,"葦苅　文仁","大 保食第17-979号","令和5年10月31日","新規"
90001317,"酒楽家　にっぽん","飲食店営業","平野","長吉出戸４丁目５番３６号",34.609162,135.567367,"丹羽　将吾","大 保食第17-3715号","令和5年12月27日","新規"
90002190,"酒菜工房　しんくま","飲食店営業","平野","長吉出戸４丁目５番３６号",34.609162,135.567367,"熊野　博信","大 保食第17-5588号","令和6年2月29日","新規"
90018759,"あじと","飲食店営業","平野","長吉出戸４丁目５番３６号",34.609162,135.567367,"鈴木　翔","大 保食第19-14446号","令和7年12月27日","新規"
90015837,"大阪王将　長吉出戸店","飲食店営業","平野","長吉出戸４丁目５番３８号",34.609387,135.566922,"株式会社日大フード","大 保食第19-11909号","令和7年11月30日","新規"
90018909,"カサブランカクラブ　長吉出戸店","飲食店営業","平野","長吉出戸４丁目５番３８号",34.609387,135.566922,"有限会社七手","大 保食第19-15535号","令和8年1月31日","新規"
25190148,"本家かまどや　出戸駅前店","飲食店営業","平野","長吉出戸４丁目５番５３号",34.61029,135.56678,"仲村　高志","大 保食第19-10924号","令和7年10月31日","更新"
25240021,"ソーシャルコート平野内厨房","飲食店営業","平野","長吉出戸５丁目２番２４号",34.60884,135.56943,"株式会社　ジャパン　メディカルフード","大 保食第18-3001号","令和6年5月31日","更新"
25210102,"すき家　長吉出戸店","飲食店営業","平野","長吉出戸５丁目３番６２号",34.609151,135.570016,"株式会社　関西すき家","大　保環第10740号","令和3年9月30日",NA
25260114,"焼肉　味千里","飲食店営業","平野","長吉出戸５丁目３番６９号",34.60869,135.568869,"永田　勝久","大　保環第7439号","令和2年7月31日",NA
25170376,"宅配クック　ワン・ツゥー・スリー　あべのプラス店","飲食店営業","平野","長吉出戸５丁目４番５号",34.611562,135.570828,"株式会社ＺＥＮＮＯコム","大 保食第18-427号","令和6年3月31日","更新"
25260149,"居酒屋　どんぐり","飲食店営業","平野","長吉出戸６丁目１番２４号",34.611126,135.57145,"宮﨑　亜紀子","大　保環第11387号","令和2年10月31日",NA
90010944,"くら寿司長吉出戸店","飲食店営業","平野","長吉出戸６丁目１４番３２号",34.60829,135.571969,"くら寿司株式会社","大 保食第18-16687号","令和7年2月28日","新規"
25280108,"テンイチ平野店","飲食店営業","平野","長吉出戸６丁目１４番４０号",34.60836,135.571044,"株式会社ジャパンビバレッジホールディングス","大　保環第10773号","令和3年9月30日",NA
25260046,"秘密基地　食家","飲食店営業","平野","長吉出戸６丁目１４番４７号",34.608529,135.57068,"有限会社　ネオ・ドリーム","大　保環第4000号","令和2年5月31日",NA
90006958,"インド料理　ハーブスパイスキッチン","飲食店営業","平野","長吉出戸６丁目１４番４７号",34.608529,135.57068,"トゥラダル　プラカシュ","大 保食第18-7457号","令和6年8月31日","新規"
90011625,"インド料理ハーブスパイスキッチン","飲食店営業","平野","長吉出戸６丁目１４番４７号",34.608529,135.57068,"合同会社ヒマラヤンハーブ＆スパイス","大 保食第18-17676号","令和7年3月31日","新規"
25200176,"絆","飲食店営業","平野","長吉出戸６丁目１５番３１号",34.607918,135.572449,"泉　薫","大　保環第16646号","令和2年10月31日",NA
25002205,"炉中兼　鳥舞台","飲食店営業","平野","長吉出戸６丁目１５番３３号",34.607937,135.572332,"蔭山　一彦","大　保環第11934号","令和2年9月30日",NA
25002215,"香の川製麺　長吉店","飲食店営業","平野","長吉出戸７丁目２番６７号",34.613948,135.574974,"株式会社　フレンドリー","大　保環第2772号","令和2年4月30日",NA
25250176,"どうとんぼり神座","飲食店営業","平野","長吉出戸７丁目２番７１号",34.614431,135.574952,"株式会社どうとんぼり神座","大 保食第19-15180号","令和7年12月27日","更新"
25002194,"ロレンス","飲食店営業","平野","長吉出戸７丁目３番６３号",34.612887,135.574816,"浜野　悦美","大　保環第8282号","令和5年7月31日",NA
25260246,"一力寿司","飲食店営業","平野","長吉出戸７丁目３番６３号",34.612887,135.574816,"出口　操一","大　保環第18000号","令和3年1月31日",NA
25180109,"中国料理　龍伸","飲食店営業","平野","長吉出戸７丁目３番６５号",34.613078,135.574863,"大橋　伸治","大　保環第16821号","令和3年12月27日",NA
25290134,"Ｌｕａｎａ","飲食店営業","平野","長吉出戸７丁目８番１１号",34.611673,135.575846,"西原　真奈美","大　保環第11031号","令和5年9月30日",NA
25190207,"ホルモン焼　はまやん","飲食店営業","平野","長吉出戸７丁目１１番２６号",34.609004,135.576657,"濱野　洋一","大 保食第19-12480号","令和7年11月30日","更新"
25190133,"お食事処　山香","飲食店営業","平野","長吉出戸７丁目１２番２９号",34.610376,135.577199,"阿部　保幸","大 保食第19-11399号","令和7年10月31日","更新"
25270116,"株式会社万代　長吉店　従業員休憩所（ＣＣＷ受託）","喫茶店営業","平野","長吉出戸７丁目１２番２９号",34.610376,135.577199,"株式会社　アペックス西日本","大　保環第12156号","令和2年10月31日",NA
25150068,"株式会社　万代　長吉店","飲食店営業","平野","長吉出戸７丁目１３番１５号",34.61315,135.575691,"株式会社　万代","大　保環第5133号","令和3年6月30日",NA
25150075,"株式会社　万代　長吉店","喫茶店営業","平野","長吉出戸７丁目１３番１５号",34.61315,135.575691,"株式会社万代","大 保食第18-4596号","令和5年6月30日","更新"
25290014,"布施マルタマフーズ株式会社　共立病院","飲食店営業","平野","長吉出戸７丁目１４番１３号",34.61315,135.575691,"布施マルタマフーズ株式会社","大　保環第2509号","令和5年4月30日","新規"
90012664,"医療法人豊旺会　共立病院内　厨房富士産業（株）","飲食店営業","平野","長吉出戸７丁目１４番１３号",34.61315,135.575691,"富士産業株式会社","大 保食第19-1666号","令和7年4月30日","新規"
90019165,"共立病院","飲食店営業","平野","長吉出戸７丁目１４番１３号",34.61315,135.575691,"株式会社ジャパンビバレッジホールディングス","大 保食第19-15182号","令和7年1月31日","新規"
25250186,"居酒屋ぼらぼら","飲食店営業","平野","長吉出戸８丁目３番３９号",34.608118,135.574335,"増田　共永","大　保環第15946号","令和1年12月27日",NA
90001176,"卯鳥天","飲食店営業","平野","長吉出戸８丁目３番３９号",34.608118,135.574335,"西原　好之","大 保食第17-3601号","令和5年12月27日","新規"
25230074,"ファミリーマート　平野長吉出戸店","飲食店営業","平野","長吉出戸８丁目３番４９号",34.608118,135.574335,"株式会社　ティーアンドケー","大　保環第5489号","令和5年6月30日",NA
25240159,"カーチス大阪　平野","喫茶店営業","平野","長吉出戸８丁目４番１７号",34.607479,135.575007,"株式会社ジャパンビバレッジホールディングス","大 保食第17-1133号","令和4年10月31日","更新"
90003715,"山ちゃん","飲食店営業","平野","長吉出戸８丁目６番１４号",34.606849,135.57421,"山中　孝彦","大 保食第18-348号","令和6年4月30日","新規"
90009192,"喫茶蓮花","飲食店営業","平野","長吉出戸８丁目６番１４号",34.606849,135.57421,"藤田　直美","大 保食第18-12340号","令和6年11月30日","新規"
25210059,"炉ばた　ひげの梅ちゃん","飲食店営業","平野","長吉出戸８丁目７番１８号",34.606485,135.576263,"梅谷　敏次","大　保環第5930号","令和3年6月30日",NA
25200268,"長吉うまさく","飲食店営業","平野","長吉出戸８丁目１２番２号",34.60876,135.576849,"坂元　雅教","大　保環第18972号","令和3年2月28日",NA
25200181,"コーヒハウス　ティアンドティ","飲食店営業","平野","長吉長原１丁目１番８号",34.608623,135.567597,"豊海　秀匡","大　保環第13674号","令和2年10月31日",NA
25250075,"㈱ダイエー長吉店　５Ｆ従食（ｃｃｗ受託）","喫茶店営業","平野","長吉長原１丁目１番１０号",34.608582,135.567805,"株式会社　アペックス西日本","大 保食第18-5739号","令和5年7月31日","更新"
25220312,"セブン－イレブン　大阪出戸駅前店","飲食店営業","平野","長吉長原１丁目１番５３号",34.608646,135.566883,"岩本　雅夫","大　保環第19511号","令和5年1月31日",NA
25190085,"味どころ　晴れる家","飲食店営業","平野","長吉長原１丁目２番２６号",34.606293,135.568422,"正村　晴伸","大 保食第19-8095号","令和7年8月31日","更新"
25130044,"瀬","飲食店営業","平野","長吉長原１丁目２番３０号",34.606246,135.568036,"瀬　泰彦","大 保食第19-5454号","令和7年6月30日","更新"
25030219,"魚国総本社・大阪２７５０３","飲食店営業","平野","長吉長原１丁目２番３４号",34.606471,135.567708,"株式会社　魚国総本社","大 保食第17-1131号","令和5年10月31日","更新"
25020596,"寿司正","飲食店営業","平野","長吉長原１丁目２番３９号",34.60629,135.567294,"伏井　勝栄","大　保環第4396号","令和5年6月30日",NA
25170085,"キッサ　長吉","飲食店営業","平野","長吉長原１丁目２番３９号",34.60629,135.567294,"花村　弘子","大　保環第8774号","令和5年7月31日",NA
25180351,"カラオケ喫茶　勝","飲食店営業","平野","長吉長原１丁目２番４９号",34.607243,135.567192,"酒井　忠勝","大 保食第19-1823号","令和7年4月30日","更新"
25250183,"粉処　十八","飲食店営業","平野","長吉長原１丁目２番４９号",34.607243,135.567192,"株式会社　ＮＵＮＣ","大 保食第19-16373号","令和8年1月31日","更新"
25260282,"ＯＲＴＯＬＯＵＮＧＥ","飲食店営業","平野","長吉長原１丁目２番４９号",34.607243,135.567192,"有限会社　ブルームズ","大　保環第20686号","令和3年3月31日",NA
25270089,"カラオケ　ライブ　平野店","飲食店営業","平野","長吉長原１丁目２番４９号",34.607243,135.567192,"株式会社　第一関西","大　保環第8809号","令和3年8月31日",NA
25270124,"ＡＳＨ","飲食店営業","平野","長吉長原１丁目２番４９号",34.607243,135.567192,"伯川　公一","大　保環第11459号","令和3年10月31日",NA
90010051,"Ａ２","飲食店営業","平野","長吉長原１丁目２番４９号",34.607243,135.567192,"伯川　公一","大 保食第18-14239号","令和7年1月31日","新規"
90015280,"Ｈａｐｐｙ","飲食店営業","平野","長吉長原１丁目２番４９号",34.607243,135.567192,"鍛治　優生","大 保食第19-7113号","令和7年8月31日","新規"
25260137,"Ｐ’ｓ","飲食店営業","平野","長吉長原１丁目２番４９－６Ｃ号",34.607243,135.567192,"大西　太","大　保環第8581号","令和2年8月31日",NA
25260220,"松田屋酒店","飲食店営業","平野","長吉長原１丁目４番９号",34.606582,135.570353,"松田　一子","大　保環第15419号","令和2年11月30日",NA
90010968,"きっちん福八","飲食店営業","平野","長吉長原１丁目６番４２号",34.607573,135.568289,"合同会社ｔｅｎ","大 保食第18-16037号","令和7年2月28日","新規"
90012916,"いろは","飲食店営業","平野","長吉長原１丁目６番４２号",34.607573,135.568289,"有限会社マルフクメディカルフーズ","大 保食第19-1478号","令和7年4月30日","新規"
25230320,"居酒屋＆ＢＡＲ　ＲＯＯＭＳ","飲食店営業","平野","長吉長原１丁目７番１４号",34.608107,135.569705,"尾﨑　稔","大 保食第17-7112号","令和6年2月29日","更新"
25250225,"まんぞく居酒屋　夕焼けこやけ","飲食店営業","平野","長吉長原１丁目８番１５号",34.607693,135.5705,"株式会社ジェイソレイド","大 保食第19-17442号","令和8年2月28日","更新"
25200018,"パブ＆スナック　Ｏｎｅ　Ｌｏｖｅ　ワン・ラブ","飲食店営業","平野","長吉長原１丁目９番１０号",34.607576,135.57175,"島田　良子","大　保環第3600号","令和2年4月30日",NA
25100104,"酒肴屋","飲食店営業","平野","長吉長原１丁目９番１４号",34.607607,135.572041,"榎本　順二","大　保環第23017号","令和5年3月31日","新規"
25190209,"レギャン","飲食店営業","平野","長吉長原１丁目９番１４号",34.607607,135.572041,"松田　順弘","大 保食第19-12321号","令和7年11月30日","更新"
25210073,"まごころダイニング　金魚","飲食店営業","平野","長吉長原１丁目９番３７号",34.607898,135.570716,"榎本　桂子","大　保環第7711号","令和3年7月31日",NA
25150033,"スシロー長吉長原店","飲食店営業","平野","長吉長原１丁目１１番１５号",34.607276,135.572821,"株式会社　あきんどスシロー","大　保環第3208号","令和3年5月31日",NA
25250171,"坐　松本","飲食店営業","平野","長吉長原１丁目１２番２号",34.606793,135.570711,"株式会社　松本","大　保環第14684号","令和1年12月27日","新規"
90018793,"坐　松本","飲食店営業","平野","長吉長原１丁目１２番２号",34.606793,135.570711,"松本　雅一","大 保食第19-14586号","令和7年12月27日","新規"
25090251,"日本マクドナルド株式会社　長吉長原店","飲食店営業","平野","長吉長原１丁目１３番１５号",34.606685,135.572558,"日本マクドナルド株式会社","大　保環第19530号","令和5年1月31日",NA
90010776,"グローバルケア平野","飲食店営業","平野","長吉長原１丁目１３番２３号",34.606501,135.57193,"有限会社ミストラル","大 保食第18-15581号","令和7年2月28日","新規"
25260184,"お好み焼　たうちゃん","飲食店営業","平野","長吉長原２丁目１番１０号",34.60614,135.568419,"坂本　民江","大　保環第12059号","令和2年10月31日",NA
25290083,"中国菜みやけ","飲食店営業","平野","長吉長原２丁目２番５８号",34.604351,135.567717,"三宅　平","大　保環第6590号","令和5年6月30日",NA
25270071,"おてんば娘","飲食店営業","平野","長吉長原２丁目２番６２号",34.604787,135.567531,"古川　彩華","大　保環第7398号","令和3年7月31日",NA
25230335,"大阪市立長吉小学校","飲食店営業","平野","長吉長原２丁目６番５５号",34.605835,135.569328,"コック食品株式会社","大 保食第18-2627号","令和6年4月30日","更新"
25150133,"与助","飲食店営業","平野","長吉長原２丁目１１番２号",34.605676,135.570678,"岡本　恭芳","大　保環第9174号","令和3年8月31日","更新"
25290044,"セブン－イレブン大阪長吉長原２丁目店","飲食店営業","平野","長吉長原２丁目１１番１２号",34.605651,135.571486,"倉本　篤","大　保環第4388号","令和5年5月31日",NA
90014512,"セブン－イレブン大阪長吉長原２丁目店","飲食店営業","平野","長吉長原２丁目１１番１２号",34.605651,135.571486,"株式会社セブン－イレブン・ジャパン","大 保食第19-5443号","令和7年7月31日","新規"
25250031,"さん天　長吉長原店","飲食店営業","平野","長吉長原２丁目１４番１１号",34.605682,135.572622,"サトフードサービス株式会社","大 保食第19-3406号","令和7年6月30日","更新"
25070396,"かもまさ","飲食店営業","平野","長吉長原２丁目１４番１７号",34.605196,135.572591,"日髙　政人","大 保食第19-16374号","令和8年2月28日","更新"
25170109,"つくねや","飲食店営業","平野","長吉長原３丁目５番２５号",34.602022,135.568272,"中川　治","大　保環第9186号","令和5年8月31日",NA
90003251,"セブン－イレブン大阪長原３丁目店","飲食店営業","平野","長吉長原３丁目５番３５号",34.602622,135.567847,"中埜　顕治","大 保食第17-7372号","令和6年3月31日","新規"
90014568,"エニタイムフィットネス長吉長原店","喫茶店営業","平野","長吉長原３丁目５番３５号",34.602622,135.567847,"株式会社ガウラ","大 保食第19-5456号","令和6年7月31日","新規"
25090153,"だいきうどん","飲食店営業","平野","長吉長原３丁目１６番１０号",34.602416,135.572938,"株式会社　ダイキフーズ","大　保環第12877号","令和3年10月31日",NA
25250253,"ＦＥＮＩＣＥ","飲食店営業","平野","長吉長原３丁目１６番１０号",34.602416,135.572938,"萩原　大介","大　保環第1282号","令和2年4月30日",NA
25200308,"ローソン長原駅西店","飲食店営業","平野","長吉長原３丁目１６番１４号",34.602061,135.573118,"徳　義雄","大　保環第3202号","令和3年4月30日",NA
25002360,"和食さと　長原店","飲食店営業","平野","長吉長原３丁目１７番１０号",34.603476,135.57278,"サトフードサービス株式会社","大　保環第1133号","令和5年3月31日",NA
25180096,"ローソン長吉長原店","飲食店営業","平野","長吉長原４丁目１番１号",34.601816,135.568008,"髙木　裕子","大 保食第18-8170号","令和6年8月31日","更新"
25250026,"ｃａｆｅ　ｍｏｔｏ","飲食店営業","平野","長吉長原４丁目１番２７号",34.601074,135.568064,"岡本　聡子","大 保食第19-4890号","令和7年5月31日","更新"
25260132,"シェリーポート　長吉","飲食店営業","平野","長吉長原４丁目１番２８号",34.601166,135.568053,"岩田　純一","大　保環第9447号","令和2年8月31日",NA
25170081,"癒酒屋　てんほう","飲食店営業","平野","長吉長原４丁目８番１号",34.601816,135.569686,"有限会社　天鵬","大　保環第8283号","令和5年7月31日",NA
25002351,"彦ヱ門","飲食店営業","平野","長吉長原４丁目８番９号",34.601524,135.570253,"松野　隆次","大　保環第15133号","令和3年11月30日",NA
25080191,"ＡＲＴ　ＧＡＬＬＥＲＹ　ＡＭＡＮＯ","飲食店営業","平野","長吉長原４丁目９番１４号",34.601449,135.571544,"天野　晃治","大　保環第10151号","令和2年9月30日",NA
25260213,"居酒屋　こまり","飲食店営業","平野","長吉長原４丁目９番１４号",34.601449,135.571544,"山本　まり子","大　保環第15997号","令和2年12月27日",NA
25260285,"にしき","飲食店営業","平野","長吉長原４丁目１０番１６号",34.599958,135.570375,"曽　秀錦","大　保環第21577号","令和3年3月31日",NA
25270208,"天宗長吉園","飲食店営業","平野","長吉長原４丁目１０番３４号",34.60068,135.569958,"株式会社　マルワ","大　保環第21900号","令和4年3月31日","新規"
25250009,"スーパーコート　平野事業所","飲食店営業","平野","長吉長原４丁目１５番２４号",34.599735,135.572117,"藏ウェルフェアサービス株式会社","大 保食第19-4377号","令和7年5月31日","更新"
25270145,"あかねこ","飲食店営業","平野","長吉長原４丁目１６番３号",34.601055,135.571997,"岡本　織華","大　保環第15846号","令和3年12月27日",NA
25170314,"炭火焼肉　鶴兆　本店","飲食店営業","平野","長吉長原４丁目１６番８号",34.60103,135.572599,"株式会社鶴兆","大 保食第17-4838号","令和6年1月31日","更新"
25260214,"ひらのケアセンター　そよ風","飲食店営業","平野","長吉長原４丁目１７番６号",34.601688,135.572285,"株式会社　ユニマットリタイアメント・コミ","大　保環第15012号","令和2年11月30日",NA
25110149,"ガスト長吉長原店","飲食店営業","平野","長吉長原４丁目１８番４号",34.601822,135.57308,"株式会社すかいらーくレストランツ","大　保環第11034号","令和5年8月31日","更新"
25190016,"居酒屋　真","飲食店営業","平野","長吉長原４丁目１８番８号",34.601594,135.57308,"新垣　薫","大 保食第19-3218号","令和7年5月31日","更新"
25190037,"鳥貴族　長吉長原店","飲食店営業","平野","長吉長原４丁目１８番８号",34.601594,135.57308,"トラオム株式会社","大 保食第19-1825号","令和7年5月31日","更新"
25260101,"いいかげん","飲食店営業","平野","長吉長原４丁目１８番８号",34.601594,135.57308,"大西　功","大　保環第7278号","令和2年7月31日",NA
25270018,"ノミマヂン","飲食店営業","平野","長吉長原４丁目１８番８号",34.601594,135.57308,"宮ケ中　圭一郎","大　保環第2961号","令和3年5月31日",NA
90008382,"じゅんじゅん","飲食店営業","平野","長吉長原４丁目１８番８号",34.601594,135.57308,"久保山　順一","大 保食第18-10327号","令和6年10月31日","新規"
25190293,"ダウンタウン","飲食店営業","平野","長吉長原４丁目１８番９号",34.601502,135.573044,"吉田　利基","大　保環第19577号","令和2年2月29日",NA
25270155,"パチンコタイヨー　平野店　店内（ＣＣＷＮ受託）","喫茶店営業","平野","長吉長原４丁目１８番１０号",34.601358,135.573071,"株式会社　アペックス西日本","大　保環第16492号","令和2年12月27日",NA
25070221,"かごの屋　長吉長原店","飲食店営業","平野","長吉長原４丁目１９番７号",34.600241,135.57338,"株式会社ＫＲホールディングス","大　保環第15833号","令和2年11月30日",NA
25210163,"まいどおおきに　長吉六反食堂","飲食店営業","平野","長吉六反１丁目２番１６号",34.610482,135.579993,"杉本産商株式会社","大　保環第13903号","令和3年10月31日",NA
25180124,"くらら","飲食店営業","平野","長吉六反１丁目２番４７号",34.610482,135.579993,"笹野　博","大 保食第18-9527号","令和6年8月31日","更新"
25260020,"健","飲食店営業","平野","長吉六反１丁目３番３号",34.611792,135.58034,"脇　節子","大　保環第2375号","令和2年4月30日",NA
25090073,"いりべ酒店","飲食店営業","平野","長吉六反１丁目３番６号",34.611792,135.580668,"入部　重敏","大　保環第751号","令和4年3月31日",NA
25002017,"サンライズ","飲食店営業","平野","長吉六反１丁目３番２０号",34.611781,135.58216,"西川　稔春","大 保食第19-10478号","令和7年11月30日","更新"
90003799,"オアシス寿安厨房","飲食店営業","平野","長吉六反１丁目５番７号",34.610154,135.580663,"株式会社パーム","大 保食第18-652号","令和6年4月30日","新規"
25200002,"（財）大阪市教育振興公社　クラフトパーク自販機コーナー","喫茶店営業","平野","長吉六反１丁目８番４４号",34.609751,135.581668,"株式会社　アペックス西日本","大 保食第18-1703号","令和5年4月30日","更新"
25160309,"のんのん","飲食店営業","平野","長吉六反２丁目１番７号",34.608751,135.578763,"青木　利彰","大　保環第490号","令和5年3月31日",NA
25220347,"フォーユー平野","飲食店営業","平野","長吉六反２丁目２番８９号",34.608271,135.578221,"東住吉中央マルタマフーズ株式会社","大　保環第21281号","令和5年2月28日",NA
25270009,"ローソン　長吉六反二丁目店","飲食店営業","平野","長吉六反２丁目３番１５号",34.606457,135.57863,"株式会社　ティオコーポレーション","大　保環第2242号","令和3年4月30日",NA
25130124,"たこやき　千鶴","飲食店営業","平野","長吉六反２丁目３番４９号",34.606774,135.578307,"日比　初恵","大 保食第19-8123号","令和7年9月30日","更新"
25270139,"カラオケ　えくぼ","飲食店営業","平野","長吉六反２丁目４番１０号",34.606293,135.578777,"水谷　二美子","大　保環第14403号","令和3年11月30日",NA
25002012,"加津","飲食店営業","平野","長吉六反２丁目４番１７号",34.605982,135.578721,"鐘田　和子","大　保環第18817号","令和4年2月28日",NA
25250140,"鳥若丸","飲食店営業","平野","長吉六反２丁目５番１１号",34.605935,135.579168,"藤塚　武","大 保食第19-11910号","令和7年11月30日","更新"
25280232,"カラオケ喫茶","飲食店営業","平野","長吉六反２丁目５番１３号",34.605949,135.578935,"森本　晃司","大　保環第21012号","令和5年2月28日",NA
25190310,"㈱彩催","飲食店営業","平野","長吉六反２丁目６番７号",34.606496,135.579579,"株式会社　彩催","大 保食第19-16442号","令和8年2月28日","更新"
25002028,"ひらの","飲食店営業","平野","長吉六反２丁目６番１０号",34.606415,135.57976,"平野　外喜雄","大　保環第9448号","令和2年9月30日",NA
25002060,"旺記","飲食店営業","平野","長吉六反２丁目６番１０号",34.606415,135.57976,"岡山　和仁","大　保環第7341号","令和2年7月31日",NA
25002062,"ほっぷ　すてっぷ　じゃんぷ","飲食店営業","平野","長吉六反２丁目６番１０号",34.606415,135.57976,"木蜜　英雄","大　保環第8497号","令和2年7月31日",NA
25110017,"長吉アローム","飲食店営業","平野","長吉六反２丁目６番１０号",34.606415,135.57976,"小林　忠秋","大　保環第5621号","令和5年6月30日",NA
90006965,"カーマンライン","飲食店営業","平野","長吉六反２丁目６番１０号",34.606415,135.57976,"前谷　望美","大 保食第18-7383号","令和6年8月31日","新規"
25110205,"ル・マージュ","飲食店営業","平野","長吉六反２丁目６番２４号",34.605971,135.580366,"角田　儀光","大 保食第17-2706号","令和5年11月30日","更新"
25140195,"サンコ－長吉店鶏肉部","飲食店営業","平野","長吉六反２丁目６番２６号",34.60619,135.580268,"有限会社　サンコーフーズ","大　保環第15406号","令和2年11月30日","更新"
25220227,"七海水産　旬海","飲食店営業","平野","長吉六反２丁目６番２６号",34.60619,135.580268,"七海水産株式会社","大　保環第22772号","令和5年3月31日",NA
25220308,"スーパーサンコー長吉店　寿司部","飲食店営業","平野","長吉六反２丁目６番２６号",34.60619,135.580268,"株式会社ネクサスフーズ","大　保環第18984号","令和5年1月31日",NA
25280023,"スーパーサンコー長吉店惣菜部","飲食店営業","平野","長吉六反２丁目６番２６号",34.60619,135.580268,"株式会社　三豊","大　保環第3550号","令和4年5月31日",NA
25002007,"大幸","飲食店営業","平野","長吉六反２丁目６番３０号",34.606082,135.579749,"岡本　幸雄","大　保環第4986号","令和5年6月30日",NA
25110090,"季節一品料理　ふじ","飲食店営業","平野","長吉六反２丁目６番３０号",34.606082,135.579749,"藤田　康信","大　保環第11601号","令和5年9月30日",NA
25070163,"いぬい","喫茶店営業","平野","長吉六反２丁目７番１７号",34.60601,135.580721,"乾　芳博","大　保環第12783号","令和5年9月30日",NA
25150284,"喫茶　より道","飲食店営業","平野","長吉六反２丁目１１番１２号",34.607238,135.582379,"井　寿美子","大　保環第17656号","令和4年1月31日",NA
25003004,"喫茶ナビオ","飲食店営業","平野","長吉六反３丁目１番３号",34.605679,135.577866,"小野塚　勝美","大　保環第1160号","令和4年3月31日",NA
25120237,"スーパーナショナル　長吉店","飲食店営業","平野","長吉六反３丁目１番６号",34.605651,135.578216,"株式会社　スーパーナショナル","大　保環第14547号","令和2年11月30日",NA
25002030,"軽食喫茶　いづみ","飲食店営業","平野","長吉六反３丁目５番５０号",34.604432,135.579491,"山田　孝枝","大　保環第17655号","令和3年12月27日",NA
25230018,"大阪王","飲食店営業","平野","長吉六反３丁目９番１６号",34.602775,135.579813,"藤田　操","大　保環第1655号","令和5年4月30日",NA
25002073,"エアポート","飲食店営業","平野","長吉六反３丁目１０番１６号",34.602272,135.58071,"野田　敏昭","大　保環第3542号","令和4年4月30日",NA
25230176,"まこと","飲食店営業","平野","長吉六反３丁目１５番１０号",34.604146,135.58224,"越田　誠吾","大　保環第12782号","令和5年9月30日",NA
25260068,"夫～婦～","飲食店営業","平野","長吉六反３丁目１７番２５号",34.604982,135.582007,"林　智穂","大　保環第5319号","令和2年6月30日",NA
25002011,"呑み処　ひろたや","飲食店営業","平野","長吉六反３丁目１８番５号",34.605371,135.582815,"廣田　満喜雄","大 保食第18-7540号","令和6年7月31日","更新"
25002011,"ピリカ","飲食店営業","平野","長吉六反３丁目１８番５号",34.605371,135.582815,"廣田　満喜雄","大　保環第3541号","令和4年4月30日",NA
25260053,"カラオケ　ＳＮＡＣＫ　Ｍ","飲食店営業","平野","長吉六反３丁目１８番１１号",34.605276,135.583063,"前畠　侑加","大　保環第4474号","令和2年5月31日",NA
25270205,"スナック　すずらん","飲食店営業","平野","長吉六反３丁目１８番１１号",34.605276,135.583063,"佐藤　幸江","大　保環第1705号","令和4年4月30日",NA
25140294,"風林火山","飲食店営業","平野","長吉六反３丁目１８番１２号",34.605096,135.582918,"横田　千鶴美","大　保環第480号","令和3年3月31日",NA
25290085,"やさしいキッチン　Ａ＆Ａ工房","飲食店営業","平野","長吉六反３丁目１８番１２号",34.605096,135.582918,"神﨑　あつ子","大　保環第7876号","令和5年7月31日",NA
25160273,"りんりん","飲食店営業","平野","長吉六反３丁目２０番３号",34.604215,135.582777,"山本　カツ子","大　保環第19528号","令和5年1月31日",NA
25220301,"ローソン長吉六反三丁目","飲食店営業","平野","長吉六反３丁目２０番９号",34.604007,135.583015,"株式会社　ティオコーポレーション","大　保環第17896号","令和5年1月31日",NA
25002052,"カラオケ河洲","飲食店営業","平野","長吉六反３丁目２１番１２号",34.603293,135.583143,"益田　義正","大 保食第17-1132号","令和5年10月31日","更新"
25230083,"ガレ","飲食店営業","平野","長吉六反３丁目２１番１３号",34.603343,135.583104,"石津　まり子","大　保環第8294号","令和5年7月31日",NA
25280107,"Ｃａｆ　Ｃｏｎｓｏｌａｔａ","飲食店営業","平野","長吉六反３丁目２１番１３号",34.603343,135.583104,"五島　友希","大　保環第10158号","令和4年8月31日",NA
90009821,"立ち呑み　らんらん","飲食店営業","平野","長吉六反３丁目２１番１３号",34.603343,135.583104,"木下　多美子","大 保食第18-14068号","令和6年12月27日","新規"
25170302,"スナック　真澄","飲食店営業","平野","長吉六反３丁目２１番１６号",34.602877,135.583116,"杉本　京子","大 保食第18-1340号","令和6年4月30日","新規"
25160263,"お好焼　ひぐち","飲食店営業","平野","長吉六反３丁目２１番２７号",34.603127,135.582546,"樋口　操","大　保環第16635号","令和4年12月27日",NA
90013694,"Ｓｐｏｒｔｓ　Ｂａｒ　ｋｏｔｏｂｕｋｉ","飲食店営業","平野","長吉六反３丁目２１番２７号",34.603127,135.582546,"鈴木　寿","大 保食第19-4552号","令和7年6月30日","新規"
25002079,"ピンポン","飲食店営業","平野","長吉六反４丁目３番５８号",34.609688,135.582532,"佐藤　美江子","大　保環第15780号","令和4年9月30日",NA
25200098,"居酒屋・カラオケ結友","飲食店営業","平野","長吉六反４丁目４番３号",34.608368,135.58291,"本庄　幸子","大　保環第8498号","令和2年7月31日",NA
25220349,"株式会社　花千本","飲食店営業","平野","長吉六反４丁目４番２０号",34.60794,135.583543,"株式会社　花千本","大　保環第1145号","令和5年3月31日",NA
25140328,"和風料理　ひろ乃","飲食店営業","平野","長吉六反４丁目７番１号",34.607735,135.58492,"穴吹　弘三","大　保環第955号","令和3年3月31日",NA
25280223,"ローソン　長吉六反四丁目店","飲食店営業","平野","長吉六反４丁目８番７１号",34.608107,135.584881,"株式会社　ティオコーポレーション","大　保環第21008号","令和5年2月28日",NA
25180281,"きまま。","飲食店営業","平野","長吉六反５丁目１番３９号",34.605963,135.583988,"長尾　美恵子","大 保食第19-2238号","令和7年3月31日","更新"
25140169,"青果店","飲食店営業","平野","長吉六反５丁目６番３５号",34.604979,135.583649,"宮阪　実","大　保環第12058号","令和2年9月30日",NA
25002046,"友情","飲食店営業","平野","長吉六反５丁目６番３６号",34.605015,135.583563,"平岡　和子","大　保環第17850号","令和3年1月31日",NA
25160069,"串かつ　あきら","飲食店営業","平野","長吉六反５丁目６番３７号",34.605018,135.583463,"竹村　旭","大　保環第10979号","令和4年8月31日",NA
25290151,"いっこん","飲食店営業","平野","長吉六反５丁目９番６号",34.604774,135.583843,"毛利　正稔","大　保環第13392号","令和5年10月31日",NA
25220233,"演歌道","飲食店営業","平野","長吉六反５丁目９番２８号",34.604132,135.583307,"加島　春美","大　保環第16636号","令和4年11月30日",NA
25070390,"喫茶＆スナック　ピーシーズ","飲食店営業","平野","長吉六反５丁目９番２９号",34.604168,135.58331,"三前　加代子","大 保食第19-16894号","令和8年2月28日","更新"
25290032,"ほっかほっか亭　長吉六反店","飲食店営業","平野","長吉六反５丁目９番３０号",34.604268,135.583296,"伊賀　昭政","大　保環第3867号","令和5年5月31日","新規"
90017262,"カラオケスタジオ　つばめ","飲食店営業","平野","長吉出戸６丁目１４番２９号",34.60793878,135.5722252,"畦地　直美","大 保食第19-10923号","2025/10/31 0:00","新規"
90018766,"ＳＵＮちょうで～","飲食店営業","平野","長吉出戸７丁目３番３７号",34.61188478,135.5761805,"榮　友美子","大 保食第19-14637号","2026/1/31 0:00","新規"
90016904,"かさね凜生館","飲食店営業","平野","長吉出戸７丁目８番５号",34.61171794,135.5754344,"シップヘルスケアフード株式会社","大 保食第19-11303号","2025/10/31 0:00","新規"
90016296,"神社カフェ","飲食店営業","平野","長吉長原２丁目８番２３号",34.60389486,135.5706524,"鈴木　兼恵","大 保食第19-9264号","2025/9/30 0:00","新規"
90019032,"Ｎｏｕｒｉｓｈ。","飲食店営業","平野","長吉長原２丁目１１番２４号",34.60460061,135.5715012,"楠田　寛子","大 保食第19-15533号","2026/1/31 0:00","新規"
90015020,"すし　一喜","飲食店営業","平野","長吉長原４丁目１８番４１号",34.60179982,135.5727027,"宮口　紘一","大 保食第19-7869号","2025/8/31 0:00","新規"
90019063,"セブン－イレブン　大阪長吉六反一丁目店","飲食店営業","平野","長吉六反１丁目１番７号",34.611752,135.578638,"山本　幸一","大 保食第19-15541号","2026/1/31 0:00","新規"
90013291,"ケアホーム長吉","飲食店営業","平野","長吉六反２丁目１１番４３号",34.60738597,135.5813431,"株式会社ニチダン","大 保食第19-3535号","2025/5/31 0:00","新規"
